"ID";"special";"age";"overall";"potential";"international_reputation";"skill_moves";"weak_foot";"WORK_ATK";"WORK_DEF";"jumping";"POR";"DEF";"SPE";"BAL";"MEN";"FUE";"IMC";"coste"
206591;2073;24;78;85;2;4;4;3;2;67;13;72;85;79;62;70;21,6296487603306;12000000
224179;1635;25;70;77;1;3;3;2;2;60;14;24;61;62;72;73;22,8774057021934;10000000
189065;1857;30;70;70;1;2;3;3;3;73;8;65;77;67;52;71;23,7228106518761;400000
208306;1641;23;70;77;1;3;4;3;2;73;8;26;74;69;69;56;21,4995968825584;2500000
235899;1696;20;65;75;1;2;3;2;2;72;6;62;76;65;40;74;24,2586740719461;300000
198631;1735;28;70;71;1;3;4;3;2;88;9;21;81;54;68;69;24,1632653061224;20000000
208418;1991;25;85;90;3;4;4;3;2;68;9;29;87;79;79;63;20,679012345679;30000000
193786;1129;26;76;79;1;1;1;2;2;76;79;48;51;31;77;70;22,6346763241286;1000000
208449;1624;26;69;75;1;2;3;2;2;68;15;72;68;61;42;65;21,2200090538705;5000000
192816;1693;27;71;76;1;2;3;1;3;90;10;69;63;57;31;81;22,8774057021934;600000
228768;1632;21;69;78;1;3;3;2;2;54;8;23;84;64;63;58;21,7051294327939;150000
202374;1793;29;71;71;1;2;4;3;1;85;8;47;94;66;62;57;23,5970042064225;1000000
199412;1960;26;75;77;1;3;3;3;3;64;10;49;89;70;74;76;22,7833088854905;3000000
227903;1507;19;63;79;1;2;3;2;1;83;15;24;74;52;61;60;22,4712087637714;12000000
183820;1849;30;74;74;1;3;4;3;2;68;13;36;82;70;67;58;21,9713358572201;2500000
238004;1636;21;66;75;1;3;3;3;1;63;5;38;73;63;60;56;21,0667432730058;1800000
184312;1802;30;75;75;2;3;3;3;1;64;11;28;95;71;65;66;23,301094832264;1500000
211591;1732;22;75;85;1;4;3;2;1;81;7;21;78;69;73;71;22,096807907074;22000000
189484;1980;27;76;78;2;3;3;3;2;74;15;74;73;73;58;74;22,0195029883611;9500000
214766;1612;29;76;77;1;2;2;1;2;85;8;76;50;63;48;77;25,1063327032136;5150000
210258;1782;26;74;75;1;4;3;2;2;37;10;30;79;67;68;60;23,9394809920521;750000
215330;1760;24;74;83;1;4;3;2;2;36;11;33;73;76;70;61;21,7858759619737;15000000
202851;1841;27;77;79;2;3;3;3;2;41;14;25;91;67;77;54;24,3827160493827;15000000
178509;1933;31;82;82;3;2;3;2;2;82;12;38;51;77;81;83;23,8715277777778;17000000
211124;1931;28;76;77;1;3;4;3;2;80;7;46;81;74;73;58;23,2438016528926;1500000
210381;1849;24;67;73;1;2;3;3;2;63;9;64;75;66;67;71;22,5459590704128;500000
181559;1746;31;71;71;1;2;3;2;2;72;6;72;40;70;44;71;21,6788067984738;200000
224438;1571;22;64;73;1;2;4;2;1;74;7;27;67;59;60;68;21,3809928455909;350000
213815;1637;23;66;75;1;2;3;3;2;61;11;28;84;52;61;73;23,766410140335;500000
150724;1312;31;82;82;3;1;3;2;2;69;81;60;59;32;78;80;23,6880466472303;3900000
165191;1843;31;72;72;2;3;2;2;3;81;13;42;76;57;72;78;24,8356464572681;1700000
179546;1787;29;75;75;2;4;4;2;1;67;13;26;77;75;64;42;22,1453287197232;700000
230685;1910;25;74;79;1;3;3;3;3;54;14;46;74;76;72;65;22,5308641975309;4000000
206075;1180;25;72;80;1;1;2;2;2;61;75;40;45;27;73;69;22,8194045477731;7350000
183512;2014;28;77;78;2;3;3;3;2;85;12;76;79;66;56;81;24,4192790207869;24000000
208522;1621;25;68;73;1;2;3;2;2;70;10;70;58;54;42;72;21,3296398891967;2800000
204366;1891;24;76;81;1;2;4;2;2;58;10;36;76;72;75;77;25,4200146092038;17000000
215871;1928;24;75;79;1;3;4;3;3;87;13;40;85;69;72;72;24,0740740740741;19000000
234827;1342;21;61;75;1;2;3;2;2;66;9;60;58;56;24;64;22,4376731301939;1000000
232580;1457;20;67;78;1;2;2;1;3;63;12;68;64;49;34;70;21,606648199446;8000000
234612;1723;20;71;83;1;3;4;3;2;34;9;30;88;61;65;58;21,8775510204082;5000000
188335;1553;27;70;72;2;2;4;2;3;36;11;31;52;58;71;68;20,7756232686981;2000000
191783;1966;25;74;79;2;3;4;3;2;78;6;48;82;70;69;77;22,5981404958678;7500000
240976;1955;20;70;85;1;3;3;3;2;69;8;69;71;73;69;68;21,6049382716049;12000000
182632;1953;31;74;74;1;3;3;3;2;67;14;48;74;74;68;64;21,8775510204082;400000
201917;1877;27;72;76;1;2;3;2;3;70;7;69;69;71;54;86;23,6294896030246;750000
220172;1745;22;69;75;1;2;3;3;2;64;6;66;90;62;49;68;22,0931700542861;3000000
219793;1149;22;72;82;1;1;1;2;2;57;75;55;57;25;70;72;22,5509409648581;2200000
220414;1976;25;76;81;1;2;2;2;2;74;10;74;72;73;56;78;22,6940189315895;12000000
226677;1891;21;68;77;1;3;3;2;2;72;6;56;74;66;62;73;23,355636914531;2500000
178416;1994;30;80;80;2;4;4;3;2;73;16;32;87;79;76;71;23,0400201994698;4090000
212253;1770;25;74;79;1;2;3;2;3;75;14;72;59;69;51;78;24,355421180818;1500000
234385;1719;22;69;80;1;2;4;2;2;71;9;43;82;72;56;51;21,3068181818182;1800000
226229;1770;21;72;84;1;2;5;2;2;76;9;72;72;70;43;70;21,9678575557868;37000000
214584;1113;31;77;77;1;1;2;2;2;57;76;32;30;24;73;78;24,9153159206069;3150000
209329;1628;23;72;78;1;2;3;2;2;69;12;71;61;65;52;74;22,9556843313457;2000000
186519;1792;28;72;74;1;2;3;2;3;80;15;72;56;72;53;68;24,021275987303;1600000
206083;1661;23;68;80;1;3;4;3;1;51;10;27;81;61;66;57;22,3863142771225;11400000
201893;1993;27;77;81;1;2;3;2;2;54;10;72;58;81;66;73;22,096807907074;1500000
211464;1712;23;66;72;1;3;3;2;2;52;8;30;67;68;66;63;23,566632231405;300000
234333;1523;19;66;84;1;3;4;2;2;54;9;20;76;61;64;55;21,3668691431885;10000000
177413;2143;29;82;82;3;4;3;2;2;72;5;73;67;83;74;80;21,1007052838478;20000000
215334;1752;27;74;75;1;2;3;2;2;69;10;35;62;62;75;77;23,8480304816206;22000000
231747;2050;19;83;94;3;4;4;3;2;71;13;47;89;78;80;74;23,0400201994698;135000000
192725;1821;28;76;78;2;2;2;2;3;78;13;75;75;77;38;78;22,4981738495252;4000000
192853;1389;27;54;54;1;3;3;2;2;45;8;34;67;25;44;59;23,6712536295922;500000
215050;1662;31;74;74;1;2;2;1;2;67;7;73;71;59;49;75;22,8350098277257;1600000
201389;1901;26;72;77;1;2;4;2;2;71;12;72;82;63;55;72;23,291229956105;2000000
201995;2043;25;81;86;3;4;4;3;3;44;12;53;94;78;75;62;22,8571428571429;38000000
231530;1742;23;71;80;1;3;4;2;2;41;13;31;84;71;70;53;22,8571428571429;5000000
239178;1185;19;48;59;1;3;3;2;2;54;9;18;67;35;45;40;21,1327134404057;1100000
186562;1757;28;66;67;1;2;3;3;2;80;15;51;83;60;61;83;26,0298777727479;225000
239977;1506;18;62;84;1;3;3;2;2;54;5;23;69;59;61;38;22,7903289734443;2000000
222573;1848;21;68;78;1;2;3;3;3;71;9;61;83;70;59;75;24,4192790207869;3000000
210514;2116;24;79;86;2;3;3;3;2;73;6;73;93;78;65;71;22,3402970655718;40400000
213697;1781;23;72;81;1;2;3;2;2;76;14;73;65;70;49;74;21,4995968825584;5700000
210964;1369;26;73;78;1;2;2;2;2;81;8;73;63;58;15;78;21,4475678458063;3000000
193886;2074;28;80;81;2;3;3;2;2;76;12;52;75;80;81;72;24,0740740740741;4000000
238131;1279;20;58;72;1;2;3;2;2;54;5;58;53;51;27;62;20,9960527420845;1200000
192165;1728;32;70;70;1;3;4;2;2;71;3;17;79;62;71;67;24,7720967102656;7000000
234079;1759;24;65;70;1;3;2;2;3;74;14;62;69;66;55;78;22,8350098277257;300000
183833;1772;34;72;72;1;2;4;3;2;70;9;30;74;59;70;73;22,096807907074;400000
186302;1959;30;78;78;1;4;3;2;1;70;10;50;73;76;73;58;22,2290619335864;5940000
222222;1792;24;71;78;1;2;2;2;2;55;8;70;76;67;50;78;23,1206235962479;500000
199158;1982;26;77;81;1;3;3;2;3;71;12;72;70;78;66;77;21,7982023948162;4000000
234668;1617;20;66;75;1;2;2;2;2;74;9;65;76;55;38;69;23,5478806907378;250000
234774;1942;25;73;78;1;2;3;2;3;67;15;73;65;71;63;73;22,2569083130998;1500000
199170;2077;26;74;79;1;3;3;3;3;83;8;74;79;76;71;79;23,4131113423517;4000000
179527;1877;31;77;77;2;4;3;2;2;83;9;33;74;68;76;69;23,3747260774288;1400000
233098;1710;20;66;80;1;2;3;3;2;72;9;60;85;63;44;68;22,5878330942279;550000
204120;1206;29;77;78;1;1;3;2;2;70;79;35;34;17;75;77;24,0493435943866;7000000
220829;1474;26;66;69;1;3;3;2;1;80;10;20;68;53;62;74;23,6294896030246;900000
201013;1817;27;78;80;2;2;2;3;2;75;15;26;66;69;77;80;24,3322770484382;3500000
202648;1922;24;78;84;2;3;3;2;1;53;7;64;59;82;63;66;21,9135802469136;8000000
184069;1730;30;79;79;2;2;4;2;2;61;6;30;53;54;80;83;24,4446806249336;13000000
201877;1605;23;72;77;1;3;3;2;1;48;6;22;78;72;53;47;22,662708672476;600000
192445;1732;27;75;77;2;2;2;3;2;64;13;38;63;63;75;79;24,0997229916898;14000000
179784;1862;30;83;83;3;2;3;2;2;82;14;83;62;73;47;77;23,4493408447482;5000000
221174;1874;25;75;79;2;3;4;3;2;58;8;33;83;71;72;59;22,7244034844085;1000000
191068;1621;27;69;70;1;3;4;3;1;76;7;37;64;59;66;69;22,6346763241286;450000
202477;1946;24;82;89;3;4;4;3;1;72;12;26;93;79;70;61;23,301094832264;13000000
240941;1238;18;54;78;1;3;3;2;2;51;11;15;72;30;57;34;20,5986080334571;5000000
210761;2050;24;75;82;2;3;4;3;2;70;15;68;82;78;69;71;21,3839419960573;14500000
234867;1352;19;58;74;1;4;3;3;1;36;8;31;76;56;43;37;24,9649464792586;890000
232488;1436;20;63;77;1;2;2;1;3;67;5;63;57;51;34;71;23,0825420014609;1650000
198420;1887;26;74;77;1;2;4;2;1;92;3;38;93;68;72;74;23,9994591671174;6000000
231691;1174;19;77;89;2;1;3;2;2;73;78;46;48;52;77;76;22,0140137990282;8500000
204240;1131;27;78;80;2;1;3;2;2;62;77;43;41;33;76;77;24,8356464572681;4000000
208509;1966;23;73;79;1;3;3;3;3;76;14;68;82;70;57;70;24,3024870597147;3500000
198164;2099;28;82;82;2;3;4;3;1;69;16;53;86;85;75;68;22,1453287197232;11000000
236527;1532;21;53;67;1;2;3;2;2;50;11;52;66;59;51;59;24,5778671518401;10000000
200458;2052;25;79;84;2;3;3;3;2;75;6;75;79;80;61;75;23,355636914531;20200000
239117;1641;24;65;71;1;2;4;2;2;63;6;43;80;65;50;67;21,4532871972318;2650000
216189;2076;26;78;83;1;4;4;3;3;77;12;72;85;71;63;84;23,3886865581877;3000000
205391;1925;24;76;81;1;2;3;2;3;72;13;73;66;77;54;82;22,8774057021934;10000000
219978;1476;27;66;68;1;2;2;2;3;65;13;64;53;55;34;82;23,8480304816206;250000
215256;1635;25;66;72;1;2;2;2;3;80;12;63;74;45;30;77;22,0931700542861;865000
173370;2034;33;75;75;2;3;4;2;2;61;16;62;64;76;69;69;23,5102040816327;334000
215333;1741;27;78;81;2;2;4;2;2;79;9;27;69;64;77;78;24,6353685507125;17000000
185068;1843;28;69;69;1;3;3;2;2;82;12;41;78;65;67;74;22,343515592582;280000
193314;1199;27;69;72;1;1;2;2;2;82;72;55;58;21;68;74;23,5478806907378;1000000
234037;1634;24;66;73;1;2;2;2;3;61;13;66;66;64;39;74;22,7244034844085;3000000
225041;1562;26;64;67;1;3;2;3;2;59;14;25;67;63;55;65;23,5478806907378;400000
207804;1677;24;66;75;1;2;3;3;2;72;6;61;86;57;42;67;23,7654320987654;300000
190461;1901;26;73;76;1;3;4;3;3;78;9;42;78;68;69;84;25,1278305332359;2000000
190782;1988;29;75;76;2;3;3;2;2;62;12;74;68;73;69;80;21,4475678458063;2300000
210897;1799;24;76;82;1;2;3;3;2;88;9;75;72;64;54;80;24,7554643159039;4500000
216381;1857;24;72;76;1;2;3;2;2;76;13;65;83;72;53;67;24,7251829329413;900000
238227;1635;19;63;80;1;3;3;3;2;75;10;29;87;58;58;53;22,7204383708109;2000000
198640;1858;25;75;78;1;4;5;2;1;58;10;32;78;73;72;53;21,7180660897457;6000000
234972;1520;26;66;71;1;2;3;2;2;51;6;25;81;48;64;57;23,4567901234568;600000
206269;1875;26;71;74;1;2;3;3;3;73;11;69;77;67;49;70;23,0400201994698;400000
210930;1863;25;78;83;2;4;4;3;1;60;12;39;70;81;69;55;22,4913494809689;1750000
194359;1861;31;73;73;2;2;5;3;3;81;12;71;89;61;49;65;23,5294117647059;2500000
235239;1626;27;67;68;1;4;3;2;2;39;7;36;85;61;61;49;23,5102040816327;600000
216247;1949;25;73;79;1;2;3;2;2;70;13;72;68;70;59;74;22,1606648199446;7000000
211626;1770;26;67;70;1;2;2;2;2;79;8;44;82;63;60;62;23,0545624644993;400000
163396;1824;30;71;71;1;3;3;3;2;83;16;43;78;58;70;75;25,0573602221954;340000
224422;1872;21;71;81;1;3;3;3;1;63;15;43;83;66;70;65;22,9853975121687;3900000
237051;1678;23;68;75;1;2;3;3;2;72;14;22;88;57;64;73;22,0931700542861;1800000
231949;1858;25;72;77;1;4;3;3;2;58;10;39;88;67;69;71;24,2122933884298;4000000
228883;1418;21;65;78;1;2;3;2;2;65;7;64;55;56;30;67;24,2512783053324;1000000
240019;1318;18;55;68;1;2;3;3;2;70;6;19;69;39;52;53;19,974407790019;1500000
210648;1411;27;73;76;1;2;2;2;2;70;14;74;39;55;20;76;21,827744904668;5000000
202052;1776;25;74;79;1;3;3;3;2;77;7;26;82;67;73;72;23,291229956105;11400000
235955;1434;19;55;76;1;3;3;2;2;56;7;34;78;52;46;35;22,3081499107674;8000000
224739;1669;22;70;78;1;3;3;3;2;66;13;22;71;62;68;72;20,3804347826087;3200000
189155;1792;29;72;72;1;2;3;2;2;74;10;70;70;66;37;76;20,0177299894192;300000
214876;1514;23;64;73;1;2;4;2;2;81;7;24;79;54;62;61;23,4509182190514;3400000
209407;1926;27;72;75;1;2;3;3;3;75;9;57;77;75;61;76;23,1481481481481;800000
184136;1714;30;73;73;1;2;3;2;2;71;10;34;59;62;71;73;24,0493435943866;4800000
229973;1570;20;60;74;1;3;2;2;3;53;8;60;68;61;43;68;23,038752362949;2000000
236849;1374;20;61;78;1;2;3;2;1;68;12;24;51;42;62;70;23,5155790711346;3200000
205655;1448;25;68;74;1;2;3;2;2;79;6;67;58;55;26;70;20,6758034026465;795000
205402;1831;24;76;80;1;4;4;2;2;67;15;30;90;70;70;48;19,6623076683;3500000
200918;1681;26;66;71;1;3;3;2;1;71;6;27;68;70;54;63;21,3668691431885;550000
201266;1817;26;71;71;1;3;3;3;2;72;6;33;79;68;68;61;20,679012345679;625000
210951;1676;24;65;73;1;5;4;3;3;85;12;30;74;60;64;54;23,5294117647059;1150000
210801;1904;27;74;74;1;3;3;3;1;56;14;44;94;64;69;62;26,0932752014797;982000
184218;1823;31;72;72;1;3;3;3;3;73;8;37;86;66;70;68;22,2825921064681;2270000
205351;1851;25;73;79;1;3;4;3;2;59;13;38;77;73;69;54;21,2031052289593;12350000
240754;1556;22;65;74;1;2;3;3;2;61;11;64;69;65;29;58;22,5981404958678;3000000
198190;1880;27;73;74;1;2;3;2;3;75;16;70;78;67;52;77;20,9023858580429;4000000
202562;2042;25;76;81;2;2;3;3;3;73;9;72;87;74;62;77;26,1224489795918;5000000
178311;1939;31;80;80;3;3;4;3;2;50;8;25;86;76;80;63;22,4712087637714;5700000
200059;1205;26;71;75;1;1;4;2;2;71;72;45;43;38;68;69;23,9912128569777;750000
209701;1820;25;73;77;1;2;3;2;2;70;15;68;68;75;42;76;21,295294753921;500000
208093;1930;26;80;84;1;2;4;3;2;72;15;45;80;75;78;65;23,1481481481481;20000000
240132;1673;24;63;68;1;2;3;2;2;60;14;60;56;64;51;64;22,3954134193317;500000
203965;1858;24;75;82;2;3;4;3;1;56;13;35;76;80;71;64;24,1516725033209;2700000
205518;1818;26;70;72;1;3;3;2;1;80;10;36;78;67;69;63;26,1961873500821;1200000
236007;1691;19;72;90;1;4;3;3;2;37;7;34;90;75;66;45;23,6652443615762;12280000
204347;1494;25;70;79;1;2;3;3;2;74;7;68;34;64;39;78;23,5457063711911;10000000
189715;1972;28;73;74;1;3;2;1;2;75;7;62;42;81;66;64;21,9678575557868;1250000
198220;1687;27;63;64;1;3;3;2;2;52;9;47;64;74;58;62;21,7982023948162;2250000
172232;1796;30;70;70;1;2;3;2;3;90;10;68;53;58;56;76;25,1474158862296;250000
201976;1183;25;74;82;1;1;3;2;2;81;76;42;43;34;71;73;21,2562440216814;1500000
193172;1946;26;72;73;1;3;4;2;2;64;9;65;76;68;69;60;21,7982023948162;1700000
224798;1589;23;63;74;1;3;4;3;1;66;13;28;84;57;59;45;22,5981404958678;500000
228378;1429;22;60;71;1;2;3;3;2;63;13;23;53;51;61;42;21,2665406427221;9000000
215703;1722;22;73;82;1;2;3;2;2;64;8;73;54;67;44;74;24,1516725033209;6000000
202750;1667;27;75;78;1;2;3;2;2;70;7;74;67;67;35;80;22,2033387242674;12000000
202754;1811;28;71;72;1;2;3;3;3;71;13;69;72;59;48;70;22,2222222222222;200000
206585;1207;23;80;87;1;1;4;2;2;71;78;33;34;32;81;76;23,4834766862834;80000000
215449;1689;22;67;82;1;2;3;2;1;41;15;28;78;65;65;57;22,2059897735573;1000000
204485;1935;27;83;84;3;5;4;2;2;62;15;28;85;78;74;55;20,9107081551762;67800000
172960;1732;30;69;69;1;3;3;2;1;62;10;27;78;63;69;68;23,291229956105;6800000
184387;1961;26;71;76;1;3;3;2;2;73;13;56;69;72;71;76;23,766410140335;700000
222959;1467;25;64;67;1;2;3;3;1;64;13;22;66;59;62;67;20,5586469669143;1000000
189558;1658;27;70;73;1;2;3;2;2;82;14;69;41;66;46;73;23,1674302374011;2000000
200778;1810;25;71;75;1;3;2;3;2;73;11;67;81;67;45;73;22,0688094160254;3400000
220196;1624;21;66;80;1;3;2;2;2;65;8;31;72;69;51;61;18,5135417599809;11300000
159145;1884;33;79;79;2;2;3;3;2;73;14;41;68;73;80;71;22,7433837429112;6000000
193087;1829;30;68;68;1;3;3;3;2;69;11;65;71;67;52;71;22,98190175237;125000
219451;1544;26;64;68;1;2;3;1;2;32;13;67;52;60;45;75;24,1427951388889;800000
219216;1728;24;69;78;1;3;3;3;2;63;13;33;87;68;58;64;22,2040816326531;2200000
216452;1676;24;69;77;1;4;3;2;2;66;9;28;64;51;69;73;23,6294896030246;3000000
210236;1603;28;70;72;1;2;3;2;3;71;14;68;48;65;44;78;24,6853298611111;330000
232406;1687;24;67;72;1;2;3;2;3;83;9;64;70;64;36;80;22,7833088854905;500000
237369;1659;20;71;86;1;3;2;2;1;58;6;35;69;72;66;50;22,2040816326531;10000000
205427;1789;27;71;72;1;3;3;3;2;71;11;33;76;67;68;73;24,0493435943866;10240000
203766;1102;27;73;76;1;1;4;2;2;52;74;34;33;26;72;75;23,2356317012402;2650000
220493;1788;23;75;86;1;2;2;3;2;67;11;68;78;66;34;71;21,6049382716049;10000000
237207;1606;21;70;82;1;3;4;3;2;43;11;25;84;66;58;48;25,1807851239669;8500000
208364;1943;25;73;77;1;2;3;3;2;85;10;69;86;66;57;70;22,2222222222222;1500000
227362;1596;24;70;79;1;2;3;3;2;75;7;68;67;64;34;72;22,351742870077;1300000
217648;1788;27;75;76;2;3;4;2;3;65;16;39;85;74;60;47;21,7051294327939;4500000
231041;1842;25;74;79;1;3;3;3;2;78;6;27;87;62;75;78;23,4131113423517;2000000
199577;1735;26;77;84;1;2;2;3;2;69;15;78;51;80;41;73;22,4981738495252;5000000
238222;1615;20;66;78;1;2;3;3;2;62;6;60;75;55;37;71;22,4981738495252;3000000
215391;1643;29;72;72;1;2;3;2;2;42;14;72;34;68;41;85;22,5847592730365;1000000
201939;1794;25;76;81;1;3;2;3;2;68;8;76;74;71;37;75;22,1158422216623;8000000
229702;1532;22;63;72;1;3;4;2;2;62;11;20;76;58;62;55;22,5308641975309;500000
202599;1800;26;70;75;1;3;4;3;2;72;12;30;75;71;72;54;22,4913494809689;6000000
202330;1848;27;72;73;1;2;2;3;2;86;12;34;90;69;71;63;23,3886865581877;4500000
206479;1850;26;68;69;1;3;3;2;2;59;13;63;75;73;65;61;21,7335354170837;900000
206109;1877;25;71;78;1;2;3;3;3;64;9;64;74;72;61;75;24,8970602317342;1000000
166844;1783;30;71;71;1;2;4;2;3;78;11;33;66;65;69;77;23,624795296518;502000
210007;1885;26;73;77;1;2;5;2;2;85;7;73;55;74;59;73;22,6421929718633;800000
233301;1846;21;69;80;1;2;3;3;2;73;10;64;75;67;54;77;22,5981404958678;5500000
182435;1153;30;74;75;2;1;3;2;2;65;77;50;48;36;73;70;21,7455502161132;1450000
142754;1984;34;83;83;4;2;3;2;3;75;6;82;67;79;53;77;24,1115074646585;5500000
211302;1841;28;76;77;2;2;3;3;2;78;9;24;82;68;73;69;21,7775533392248;11000000
210047;1985;26;75;79;2;2;4;3;2;86;8;74;62;74;63;75;24,2802636142907;4000000
223306;1611;24;66;74;1;2;2;2;2;60;8;65;67;57;45;70;21,97265625;2750000
213948;1578;23;64;69;1;3;3;2;1;57;1;43;81;58;53;46;21,7180660897457;780000
223926;1829;21;70;80;1;3;3;3;2;79;8;52;78;78;56;54;23,8367346938776;3000000
239502;1338;18;58;75;1;2;3;2;2;71;12;57;61;45;26;67;23,9590942293645;6000000
200857;1916;25;73;76;2;3;4;2;2;63;15;51;75;76;65;58;21,952479338843;1500000
209519;1796;24;73;79;1;2;3;3;2;80;14;32;67;70;70;75;24,4535684096124;3000000
220090;1432;28;63;64;1;2;1;2;2;76;12;62;62;51;36;71;23,766410140335;1000000
201529;1609;26;72;76;1;2;2;3;2;77;9;70;65;59;33;81;23,3747260774288;500000
211256;2006;26;79;84;1;3;2;3;2;84;13;78;92;69;55;72;22,6473769605192;4000000
210358;1034;27;70;72;1;1;3;2;2;58;67;32;31;26;72;67;21,1616002745289;1000000
190769;1108;29;72;74;1;1;2;2;2;61;70;31;29;35;72;71;23,1240605850387;300000
182945;1955;30;77;77;2;4;3;2;2;68;11;44;86;74;73;60;22,343515592582;2000000
210438;1732;25;70;76;1;3;4;3;2;61;6;36;78;66;65;51;20,0617283950617;800000
172553;1070;29;75;76;1;1;2;2;2;51;74;32;29;30;77;71;23,1426692965155;2500000
185427;1193;27;73;77;1;1;4;2;2;71;74;48;47;35;68;74;24,4140625;3000000
202535;1625;27;67;67;1;3;3;3;2;71;10;18;79;63;61;65;23,8087970452672;1250000
225410;1796;24;74;79;1;2;3;2;2;64;14;71;72;68;38;78;23,8480304816206;5000000
183346;2072;29;76;76;1;2;3;2;2;67;12;70;64;77;73;73;22,9926244438472;1500000
236461;1455;21;62;77;1;2;3;2;3;73;8;27;64;50;61;71;22,7864583333333;8000000
185438;1813;26;71;72;1;4;4;2;1;77;8;28;90;68;63;64;24,7720967102656;200000
227558;1615;22;68;76;1;2;2;2;2;70;14;27;68;62;67;67;23,2686980609418;9000000
229625;1617;25;66;71;1;3;3;2;1;81;12;27;80;45;60;73;22,2824773819431;1000000
235812;1741;24;70;76;1;3;4;2;1;73;10;37;82;59;66;71;22,0140137990282;3000000
234760;1599;23;64;70;1;3;3;3;2;74;8;39;79;55;51;72;21,7335354170837;4000000
224890;1627;24;68;76;1;3;4;2;2;33;8;35;70;67;61;53;23,8894628099174;500000
213613;1826;23;70;75;1;3;4;3;2;60;7;45;72;69;70;68;22,7903579254931;1000000
202408;1464;29;73;74;1;2;3;2;3;61;13;73;47;52;43;81;21,3867917235693;8000000
228838;1727;23;67;77;1;2;2;2;2;65;14;63;62;71;50;65;25,2092013584959;1750000
186200;1874;27;76;77;2;3;3;3;2;71;11;28;77;75;74;69;22,8395061728395;5500000
211862;1960;28;76;77;2;2;4;2;3;82;14;53;69;71;77;82;23,3747260774288;3000000
236832;1597;23;62;68;1;2;4;2;2;72;15;60;71;62;36;66;23,0545624644993;480000
203505;1990;24;73;80;1;3;4;3;2;90;13;70;84;66;60;74;24,9134948096886;6700000
186961;1803;28;76;77;2;3;4;2;2;90;15;22;77;66;70;78;24,1516725033209;4000000
188567;2073;29;88;88;3;3;4;2;1;77;6;37;95;77;84;71;22,8774057021934;63750000
231948;1615;23;64;72;1;2;3;3;2;73;6;62;65;56;44;71;22,4981738495252;600000
236920;1815;19;73;86;1;4;4;3;2;66;5;36;87;69;63;62;22,5710475017954;17250000
233401;1671;24;66;72;1;4;3;3;2;64;6;33;80;60;61;55;22,343515592582;100000
187936;2032;29;83;83;2;3;3;2;2;75;7;80;52;82;67;88;20,7756232686981;26650000
234578;1833;27;72;75;1;2;3;3;3;70;10;69;80;68;49;63;20,1459051921492;1720000
233763;922;19;65;78;1;1;3;2;2;37;64;28;25;26;62;65;22,3190562227654;3900000
232479;1421;21;59;69;1;3;3;3;2;66;7;18;73;52;59;58;22,7244034844085;1000000
164859;1976;29;80;80;3;3;3;2;2;66;11;38;92;74;75;66;21,952479338843;22500000
220862;1752;26;71;76;1;3;2;3;3;88;15;34;78;58;66;87;18,9035916824197;10200000
189712;2165;28;84;85;3;3;3;3;3;53;7;78;65;86;74;82;22,5459590704128;25000000
193348;2073;26;82;83;3;4;4;3;2;63;13;46;87;80;77;65;25,2092013584959;14700000
193211;1853;27;71;72;2;2;4;2;2;70;7;71;74;69;50;68;23,1836734693878;350000
233959;1417;22;61;73;1;3;3;2;2;46;9;25;74;57;51;43;20,5150864789799;1820000
234949;1748;27;71;72;1;3;3;3;2;50;14;29;81;60;68;54;21,9713358572201;1500000
196318;1825;26;75;76;1;4;4;3;1;63;9;42;89;68;67;54;21,7180660897457;2500000
173859;1765;29;70;70;1;3;4;3;2;73;8;33;79;49;69;64;23,1833910034602;3900000
203376;2011;27;83;86;3;2;3;3;2;79;13;83;69;76;60;85;24,6986496281779;78800000
193337;2020;27;73;76;1;3;3;3;2;78;13;69;84;76;63;69;22,9209710743802;2000000
232294;1693;27;70;72;1;3;3;2;2;54;5;34;63;73;65;56;21,6049382716049;2500000
209818;1746;24;73;77;1;2;3;3;2;59;16;68;86;66;36;69;22,5878330942279;3500000
202061;2069;29;76;76;2;3;3;2;3;67;14;73;68;79;69;81;25,4364666435426;4800000
226370;1988;21;75;83;1;3;3;3;2;69;6;65;75;76;63;61;22,8571428571429;5700000
176553;1923;32;75;75;2;3;3;2;2;64;5;66;66;76;66;66;21,1068775526987;2500000
198489;2003;29;74;74;2;4;2;3;3;72;6;58;75;69;67;75;21,6049382716049;5600000
213325;1774;28;69;71;1;2;3;2;3;83;15;65;60;66;44;77;23,1633732734708;1000000
222692;1828;23;71;74;1;2;3;3;2;64;10;69;68;72;50;69;22,6421929718633;1500000
218746;1792;22;71;78;1;4;4;2;2;55;8;50;74;73;66;52;22,4913494809689;1300000
219536;1603;22;67;78;1;3;4;3;1;69;6;22;78;57;64;64;22,8395061728395;8000000
224411;1916;21;74;82;1;3;3;3;2;65;9;36;84;73;75;64;21,8470085203333;40000000
225663;2018;22;76;84;1;4;4;2;3;63;12;65;80;77;69;64;21,2962962962963;30000000
211322;1554;24;63;69;1;2;3;3;2;74;4;64;68;59;41;56;24,1140380330271;500000
220466;1901;23;70;80;1;3;4;2;2;55;7;68;69;69;57;66;22,0384011592803;5000000
220061;1334;26;72;75;1;2;3;2;2;62;9;75;50;54;19;64;20,4361580022956;500000
230817;1563;22;60;71;1;3;3;3;2;59;6;46;65;67;47;60;21,8572778827977;800000
220302;1645;23;69;82;1;2;3;3;2;89;6;65;61;60;43;80;22,3954134193317;8000000
233419;1858;21;77;85;1;4;3;2;3;56;8;30;88;68;71;61;21,952479338843;6500000
223245;1815;23;72;80;1;4;4;3;1;83;9;25;87;68;68;58;23,9389897746315;2530000
240243;1322;19;52;70;1;2;3;2;2;57;8;19;62;44;52;47;20,6758034026465;15000000
204217;1579;25;63;69;1;2;3;3;2;84;16;25;58;39;60;73;21,6216216216216;675000
215057;1916;28;79;82;1;2;3;2;3;41;16;76;57;78;58;80;24,7842575173938;4280000
211557;1485;25;72;79;1;2;2;1;2;62;7;74;57;52;30;69;22,5459590704128;3000000
192708;1976;28;76;76;2;4;4;3;2;65;8;51;68;75;77;72;21,5619092627599;5200000
235855;1550;19;63;80;1;3;3;2;2;59;8;23;90;60;61;54;22,8571428571429;2300000
193716;1590;26;69;72;1;2;2;2;2;72;14;67;56;63;39;78;22,591438130916;341000
237404;1788;25;73;79;1;2;3;2;3;74;14;72;53;67;52;76;22,9916897506925;800000
218970;1722;24;74;78;1;2;2;2;2;78;15;23;79;64;74;68;22,4087867693473;5000000
189776;1663;27;69;70;1;3;3;2;2;79;6;20;84;65;62;67;20,5150864789799;1100000
213418;1558;22;64;75;1;3;3;2;2;62;8;29;86;62;58;62;20,9023858580429;1000000
178322;2120;30;78;78;3;3;5;3;3;75;7;74;77;76;72;71;21,5349083986143;4000000
224185;1896;22;69;76;1;3;4;2;2;63;12;61;67;74;64;73;22,1158422216623;350000
190572;1932;25;73;76;1;2;4;2;3;77;10;71;73;61;47;77;22,8395061728395;1700000
216447;1703;25;71;77;1;3;3;2;2;84;11;24;89;66;63;49;20,9041950113379;5000000
222587;1608;23;65;73;1;2;3;2;2;71;15;65;69;55;36;66;22,6421929718633;500000
234924;1665;22;72;82;1;3;2;3;2;72;11;21;78;74;69;49;20,9370755998189;10000000
199417;1070;29;75;76;1;1;1;2;2;70;77;38;40;23;70;73;22,3054705596385;2500000
232665;1765;22;69;78;1;3;3;2;2;60;7;65;54;75;49;66;24,5351239669421;2150000
171791;1630;34;79;79;3;2;3;2;3;73;7;79;44;62;35;77;23,1633732734708;5570000
176930;2082;31;78;78;2;2;3;2;3;74;2;74;65;82;66;74;22,8625344752504;2800000
183249;2002;31;78;78;2;3;3;3;2;82;13;37;69;73;77;86;26,8612069228656;1800000
234290;1223;20;57;68;1;2;3;2;2;56;12;55;47;41;18;69;20,9401594673683;560000
219681;2026;24;75;81;1;3;4;3;2;81;11;72;79;69;68;69;22,5981404958678;10000000
200443;1956;29;71;71;1;3;3;3;2;76;11;68;76;66;54;68;20,8979591836735;3400000
193201;1975;27;69;71;1;3;3;3;2;81;11;63;83;65;67;63;24,3910588392529;400000
211515;1154;23;70;78;1;1;3;2;2;52;73;47;46;31;59;70;22,6346763241286;4300000
238346;1644;20;63;75;1;2;2;3;2;60;11;59;78;54;42;65;22,7833088854905;7000000
223113;1639;23;67;73;1;2;2;2;2;74;10;37;73;60;65;66;22,9926244438472;4500000
202493;2037;29;76;76;2;3;4;3;2;82;8;69;89;78;67;70;22,343515592582;8500000
221797;1698;24;68;76;1;3;3;2;2;53;6;34;79;67;65;45;21,7994451050337;500000
225299;1599;24;74;81;1;2;3;3;2;78;7;75;63;68;47;72;23,0825420014609;1000000
193283;2133;27;78;81;1;2;4;3;3;82;8;74;71;80;72;81;23,2459847844463;20000000
224600;1909;26;72;77;1;2;3;2;2;62;8;61;57;75;65;73;23,0954090072095;1000000
232581;1516;25;67;73;1;2;3;2;2;83;9;66;54;51;33;79;24,8109640831758;1200000
231685;1810;20;71;81;1;2;3;2;2;72;11;67;82;65;49;70;24,2586740719461;6000000
225115;1639;23;61;66;1;2;3;3;2;64;9;58;72;62;46;61;21,5510204081633;600000
190196;1556;28;70;72;1;2;3;2;3;91;15;68;68;54;24;79;21,7982023948162;350000
232064;1441;19;63;79;1;3;2;3;1;65;14;27;44;52;66;58;23,4567901234568;5000000
217201;1776;29;74;74;1;2;4;3;2;80;8;31;70;55;74;70;23,038752362949;860000
235634;1915;22;75;82;1;2;3;3;2;64;8;70;85;72;48;72;22,9209710743802;4000000
239097;1427;24;62;67;1;3;3;2;2;63;15;28;60;57;59;69;22,9916897506925;1500000
190497;1705;27;67;69;1;3;4;2;2;69;16;30;74;58;64;63;23,4131113423517;100000
235464;1162;21;50;67;1;2;3;1;2;68;7;51;62;27;26;59;21,2200090538705;850000
190931;1828;31;75;75;2;2;3;1;3;52;15;76;63;66;49;76;24,0493435943866;1200000
234679;1551;21;64;75;1;2;3;2;2;71;12;63;65;56;29;69;22,7146814404432;2500000
234236;1848;22;77;87;2;4;2;3;2;69;11;26;75;74;75;68;21,1007052838478;9000000
226536;1608;25;74;80;1;2;3;2;3;65;8;71;60;67;31;83;24,3767313019391;7750000
212238;1779;23;69;78;1;3;3;2;2;87;8;41;79;64;62;52;23,8086901719128;300000
229167;1806;22;75;83;1;3;4;3;2;41;7;29;93;68;69;62;23,301094832264;7000000
225144;1776;24;76;85;1;3;4;3;2;45;6;32;79;72;74;48;23,0300453514739;3200000
184144;2006;30;83;83;3;4;2;2;2;68;8;39;84;81;74;55;22,7204383708109;5750000
220651;1815;21;68;78;1;2;3;3;2;44;13;62;79;70;53;55;22,7903289734443;5500000
169343;1809;30;70;70;1;2;3;2;3;76;7;69;64;65;51;80;23,5478806907378;750000
204277;2009;29;82;82;2;2;3;3;3;77;15;73;76;89;61;80;25,3069320474676;6000000
183568;1533;30;78;78;2;2;3;2;2;65;8;80;54;66;29;75;23,2997998958362;1000000
162280;1877;31;72;72;2;4;4;3;2;63;9;36;76;70;70;71;24,1115074646585;1100000
201988;1599;29;79;79;2;2;2;2;3;76;12;81;48;70;28;76;23,2356317012402;6700000
220085;1543;22;66;75;1;3;3;2;2;63;14;19;76;62;65;52;22,8930740819877;5000000
224274;1780;23;69;78;1;2;3;2;3;68;14;69;66;69;55;69;22,4480151228733;500000
239116;1761;26;66;71;1;2;3;2;2;58;11;64;75;62;48;68;24,2809753428405;1000000
184436;1222;28;73;75;1;1;2;2;2;82;77;59;59;22;69;74;24,8981439565414;4000000
235554;1628;21;62;76;1;3;3;2;2;59;8;41;84;62;59;54;20,9023858580429;2000000
204401;1986;27;74;77;1;2;3;3;2;83;13;70;84;71;56;68;22,6757369614512;1200000
215559;1859;23;71;79;1;4;3;3;2;48;13;53;76;77;63;63;24,1140380330271;4000000
226798;1763;25;68;74;1;2;3;2;2;63;11;64;64;67;51;76;23,9590942293645;1755555
207653;1780;28;73;74;1;3;4;3;1;57;15;30;87;65;71;61;22,1453287197232;2570000
231098;1541;26;63;68;1;2;2;2;1;62;13;64;62;46;31;70;22,8395061728395;500000
214955;2039;29;76;76;1;2;2;3;2;81;7;74;78;70;62;80;21,7982023948162;2300000
223875;1865;26;71;73;1;3;3;2;3;74;10;45;65;72;70;73;22,0688094160254;2500000
206534;1706;25;70;77;1;3;3;3;2;60;9;34;75;64;69;63;20,745069393718;7900000
200438;1951;27;73;74;1;4;3;2;2;80;15;56;90;70;63;63;24,2214532871972;2500000
191565;1898;28;77;78;1;3;5;2;2;78;14;37;77;79;72;66;21,4346093466973;4500000
220763;1785;23;71;78;1;3;4;2;3;63;10;46;81;73;58;60;20,8979591836735;2750000
235328;1582;23;61;67;1;2;2;2;2;62;8;40;68;61;40;58;22,0384011592803;1500000
231651;1368;22;49;63;1;2;3;2;2;63;7;20;59;53;54;44;21,6049382716049;300000
153275;1138;32;77;77;1;1;3;2;2;64;78;45;50;25;72;76;23,1481481481481;300000
198857;1423;28;71;72;1;2;2;1;2;65;13;73;55;49;28;78;22,8194045477731;1000000
201041;1879;27;74;77;1;3;3;3;2;83;9;71;82;68;40;77;23,8497765970293;750000
220407;1094;29;63;63;1;1;2;2;2;62;59;37;40;42;64;65;23,2997998958362;4000000
238830;1610;24;69;77;1;2;3;3;2;73;12;24;71;68;67;68;23,0825420014609;700000
183544;1533;24;61;67;1;3;2;3;2;47;6;23;56;62;60;52;24,2214532871972;350000
206467;2048;25;80;86;2;3;3;3;2;74;11;41;80;76;80;76;24,1140380330271;23000000
214169;1551;28;75;76;1;2;3;2;2;49;14;77;60;60;26;76;23,038752362949;1670000
201938;1845;24;73;80;1;4;5;3;2;85;13;34;89;66;68;59;22,98190175237;8000000
205869;1873;25;76;81;2;3;4;2;2;73;10;32;87;75;68;56;23,3234180638183;350000
190799;2068;30;78;78;2;3;4;3;2;65;9;76;59;78;77;74;22,9440888781548;1500000
192119;1282;26;89;92;4;1;3;2;2;68;85;49;46;32;91;86;23,7367743238807;35000000
190815;2078;28;80;81;3;2;4;2;2;71;12;80;63;81;56;76;22,2222222222222;16000000
235997;1765;19;69;79;1;3;3;2;2;43;14;65;73;75;51;60;22,1453287197232;8000000
176915;2056;32;80;80;2;3;3;2;2;59;9;68;67;81;70;75;23,355636914531;4500000
228892;1676;26;64;68;1;2;3;2;2;56;7;60;64;68;48;64;21,4346093466973;685000
236496;1746;19;64;76;1;2;3;2;2;68;6;62;67;69;54;58;20,9876543209877;8000000
234122;1782;22;70;77;1;2;2;2;2;62;6;64;68;75;48;69;20,7563871676689;1270000
215168;1570;25;68;75;1;2;3;2;2;62;11;22;72;62;64;62;22,1591086420524;1550000
223143;1601;22;67;77;1;3;3;2;2;61;8;62;68;62;31;73;22,7903579254931;800000
193910;1856;26;72;74;1;3;3;2;2;33;10;54;68;78;63;61;20,745069393718;5100000
200689;1975;26;69;73;1;2;3;3;3;82;10;64;89;70;65;78;23,9590942293645;790000
226077;1498;31;67;67;1;2;2;2;2;66;14;68;65;57;35;72;22,2439236111111;2150000
170797;2088;30;79;79;3;3;3;2;2;71;13;72;58;84;67;68;22,5308641975309;1000000
216283;1894;26;71;74;1;3;3;3;3;76;10;68;75;67;56;69;24,9134948096886;10000000
202223;1999;29;74;74;1;4;4;2;3;63;13;62;85;71;73;68;21,9138056975895;647000
212888;1563;24;74;80;1;2;3;2;2;72;6;76;66;64;26;74;24,2202268431002;5000000
212218;1908;24;84;89;2;2;2;2;2;77;10;86;68;73;50;78;23,7955264410291;65000000
189908;1140;27;76;79;2;1;2;2;2;58;80;51;51;29;75;75;24,021275987303;9000000
198368;1910;30;73;73;1;3;3;2;3;68;8;69;62;76;60;71;21,9138056975895;1500000
189808;1673;28;66;66;1;2;3;2;2;71;13;31;78;58;65;70;22,6940189315895;170000
212107;1551;31;72;72;1;2;3;3;1;54;10;25;53;63;73;74;24,6703763602971;1500000
221737;1613;23;68;78;1;3;3;2;3;62;9;22;79;65;58;62;24,8163265306122;2120000
212207;1883;25;74;80;1;4;4;2;1;63;14;39;69;72;71;62;23,8754325259516;3750000
206198;1684;25;78;82;2;2;3;2;2;67;14;79;55;75;30;77;24,355421180818;3000000
199580;1558;25;70;77;1;2;2;2;2;73;10;69;67;66;40;73;23,2997998958362;3400000
184942;2037;28;81;82;2;4;3;3;2;61;16;45;83;79;76;73;22,9853975121687;10500000
211269;1942;26;73;76;1;3;3;2;2;63;9;61;76;73;67;66;23,6712536295922;1000000
189646;1740;30;70;71;1;2;3;2;2;76;8;69;60;61;47;77;24,5434623813002;800000
240922;1469;20;63;73;1;3;3;3;1;66;12;21;69;52;63;49;22,0931700542861;500000
220620;1813;24;72;79;1;2;3;3;2;71;15;68;75;68;48;67;22,0384011592803;5000000
210697;1854;24;70;76;1;3;3;2;2;59;11;67;60;71;57;69;22,0195029883611;3500000
236480;1858;22;70;80;1;2;3;3;2;62;12;61;79;72;56;64;24,1516725033209;16900000
209729;1794;23;71;80;1;3;4;2;1;58;10;40;89;70;60;56;21,8775510204082;560000
228946;1730;19;64;79;1;3;3;3;2;65;7;45;82;62;59;64;22,4981738495252;4500000
193077;1636;27;74;75;1;3;2;3;1;70;6;20;74;64;73;67;21,9138056975895;10000000
199046;1704;28;62;63;1;2;3;3;3;62;13;51;84;63;54;68;24,9680097375238;420000
146460;1979;34;80;80;2;3;3;2;3;70;7;78;61;79;60;78;22,6421929718633;1500000
202282;2026;26;75;77;1;3;3;3;3;73;14;62;84;75;71;73;22,3954134193317;7950000
209288;1793;26;67;68;1;3;4;2;1;70;9;49;79;72;59;55;22,4600343506408;2600000
219988;1451;25;68;74;1;2;2;2;2;80;9;19;58;55;65;75;22,3865056226572;3500000
234574;1706;19;68;84;1;3;3;3;2;64;10;65;71;59;52;71;21,2009913703007;22000000
229072;1535;27;66;68;1;3;3;2;2;65;8;24;79;50;62;70;22,3054705596385;100000
225951;1724;23;71;80;1;3;2;2;2;64;8;22;77;69;71;63;21,9135802469136;3000000
239550;1361;20;64;77;1;2;3;2;2;68;11;65;54;39;30;71;21,2200090538705;3500000
239364;903;20;63;81;1;1;2;2;2;38;64;23;15;25;63;66;20,5586469669143;900000
203588;1836;27;70;71;1;3;3;3;2;58;14;40;81;66;63;67;20,9023858580429;2500000
231150;1787;24;68;75;1;3;3;2;2;52;5;62;79;72;49;66;24,9134948096886;3000000
213114;1876;25;77;80;2;4;4;3;2;72;14;31;73;76;75;64;22,0931700542861;6000000
206210;1605;24;67;74;1;3;2;3;1;72;12;25;76;60;66;58;21,8775510204082;1800000
227690;1968;28;72;73;1;3;4;3;3;72;14;64;82;72;64;55;21,5450907971684;2000000
225356;1754;26;75;78;1;4;3;3;2;80;9;26;91;69;65;47;22,3214285714286;3300000
224719;1688;24;69;74;1;4;4;2;2;64;15;31;78;68;58;58;23,6202879121581;1500000
210537;1960;26;77;79;1;3;3;3;2;82;16;31;90;75;71;68;22,4913494809689;1750000
210010;1817;24;73;77;1;3;3;3;2;38;9;53;76;76;59;57;21,6721101309484;700000
205551;1884;25;69;74;1;3;3;3;2;74;12;64;81;68;58;65;24,8163265306122;300000
211068;1703;25;71;78;1;3;4;2;2;65;7;34;55;65;69;72;22,591438130916;1600000
53739;1187;35;73;73;1;1;4;2;2;63;74;43;47;26;70;72;22,2824773819431;1700000
198836;1965;28;74;74;1;3;3;2;2;77;9;74;67;77;57;70;20,9876543209877;1000000
207897;1906;26;69;73;1;2;3;2;2;74;11;65;73;67;61;74;24,5693143716036;800000
200473;1795;25;71;76;1;3;3;2;2;80;11;28;85;67;69;59;23,0545624644993;3200000
209402;1661;23;68;75;1;3;4;2;1;66;7;25;87;61;68;63;23,6294896030246;250000
227235;1714;26;66;71;1;3;4;2;2;51;8;52;68;74;52;58;23,7654320987654;1000000
226271;1833;22;70;78;1;3;3;2;2;50;16;70;56;75;64;61;19,5963158926122;30000000
235875;1876;21;74;80;1;2;3;3;2;68;12;71;80;73;45;70;23,291229956105;7000000
216067;1694;28;71;71;1;2;4;2;3;85;7;72;75;59;50;73;23,1481481481481;1200000
231360;1696;22;66;74;1;2;2;2;2;62;9;63;71;65;46;67;21,2962962962963;520000
235320;1551;26;65;68;1;2;2;2;2;73;12;22;85;55;61;68;21,301775147929;2300000
199516;1747;31;69;69;1;3;2;2;2;69;15;26;80;63;62;64;25,3515413737155;450000
198198;1714;26;77;83;2;2;3;1;3;78;9;76;63;68;48;76;24,2512783053324;1000000
223249;1088;30;68;68;1;1;2;2;2;60;68;38;36;25;62;67;26,023048986245;1000000
204227;1626;24;71;75;1;2;3;2;1;67;12;29;62;64;69;76;23,7220691766146;1800000
234636;1482;24;65;72;1;2;3;2;2;63;12;20;63;58;63;70;21,2760001119789;1300000
233096;1761;22;70;78;1;2;2;3;2;80;10;67;77;64;42;80;22,3957895915568;5500000
224425;1649;23;67;77;1;3;4;3;2;54;12;31;84;60;59;64;20,8756327032514;5000000
175895;2055;29;78;78;2;3;4;2;2;80;10;68;65;82;72;79;23,5898354683627;2000000
230578;1516;21;74;82;1;2;3;2;2;86;15;75;53;56;31;80;21,8358948517679;15000000
206606;1539;25;69;74;1;2;2;2;2;54;14;30;45;63;67;77;24,4575936883629;700000
208808;2002;26;82;85;2;4;4;3;1;82;10;29;86;76;81;67;23,7812128418549;20000000
190576;1654;34;76;76;1;2;3;1;2;72;9;77;51;61;32;80;23,3747260774288;760000
231828;1289;25;60;69;1;2;3;2;2;48;11;58;53;46;24;72;23,7220691766146;300000
220854;1993;23;76;84;1;2;2;3;2;53;7;67;78;79;71;66;22,5981404958678;6000000
223151;1754;20;69;84;1;4;3;2;1;69;10;40;84;69;66;65;22,3402970655718;4100000
216227;1401;24;57;63;1;2;3;3;2;52;12;27;90;43;55;55;22,2825921064681;1800000
203668;1705;27;69;72;1;3;3;3;1;60;14;31;82;59;69;60;23,1481481481481;1700000
236287;1679;24;70;75;1;2;3;2;2;77;11;24;73;61;69;69;21,6049382716049;650000
240379;1435;25;59;64;1;3;3;2;2;42;13;26;57;51;63;36;19,9183673469388;385000
230850;1969;25;74;77;1;2;3;3;3;64;8;65;73;75;67;69;23,355636914531;2500000
189148;1839;29;70;70;1;3;3;2;2;73;16;39;80;65;68;69;22,7244034844085;1200000
164835;1206;33;80;80;2;1;2;2;2;68;77;48;50;20;84;78;22,9916897506925;8000000
225316;1442;23;58;71;1;2;2;2;2;68;13;55;61;56;33;67;21,5029425079221;1370000
20801;2228;33;94;94;5;5;4;3;1;95;7;33;89;83;93;80;23,3747260774288;117000000
233812;1513;21;59;72;1;2;4;3;2;63;10;51;74;55;32;62;22,2222222222222;100000
240290;1529;25;65;68;1;2;4;3;1;75;9;22;66;54;62;74;24,7554643159039;4000000
205654;1951;28;71;72;1;2;3;2;2;84;7;65;82;73;63;80;21,9135802469136;300000
211907;2065;30;75;75;2;3;4;3;3;83;8;68;76;78;66;81;24,8163265306122;1300000
211732;1481;27;64;66;1;2;3;2;2;53;15;22;63;60;63;63;21,2200090538705;375000
209780;1912;22;73;81;1;3;4;3;2;72;8;44;76;72;71;62;20,8307031940412;3000000
223929;1599;20;68;79;1;3;3;2;2;75;14;21;83;58;69;63;24,485652005136;1250000
213991;2052;23;75;83;1;2;4;2;3;81;16;69;76;76;65;80;21,8470085203333;28000000
235164;1873;30;71;71;1;2;3;2;2;41;11;59;63;76;64;65;23,5898354683627;250000
189172;1848;28;74;74;1;3;2;3;1;71;14;27;79;67;70;66;22,5308641975309;500000
234857;1744;20;64;81;1;3;3;2;2;52;6;52;65;64;61;58;24,1632653061224;4000000
222562;1093;23;65;75;1;1;2;2;2;54;68;46;45;23;66;64;22,7903579254931;1600000
239636;1531;25;58;65;1;2;3;3;3;53;13;56;64;65;38;70;21,9021361024505;400000
189857;1884;28;73;74;1;3;3;2;3;74;14;43;75;69;72;65;21,8775510204082;1700000
213814;1761;24;73;81;1;3;4;2;2;44;11;29;77;75;65;54;23,6712536295922;10000000
203864;1865;25;71;77;1;2;3;2;2;64;12;65;67;78;62;58;22,7244034844085;3250000
237297;1481;24;69;77;1;2;2;3;2;71;11;67;57;59;31;73;21,5559474818734;1000000
215650;1700;25;68;72;1;2;3;2;2;80;7;67;73;56;35;74;24,1632653061224;300000
184707;1612;28;67;67;1;2;3;2;1;81;11;32;63;59;65;80;20,5586469669143;6800000
214949;1884;24;72;80;1;2;2;2;2;83;16;48;80;68;70;69;22,662708672476;1000000
214031;1383;28;70;72;1;2;2;1;3;35;9;71;50;47;26;80;24,8791787011353;1000000
199569;1877;25;71;74;1;3;3;3;2;70;11;35;71;63;73;71;24,1870464928783;1500000
188876;1986;32;77;77;2;2;3;1;2;67;13;69;64;84;57;71;20,745069393718;1000000
239189;1401;19;58;75;1;3;3;2;2;58;11;23;78;53;50;41;23,6614386154678;750000
168354;1162;32;82;82;2;1;2;2;2;66;81;32;30;36;84;78;23,6686390532544;2000000
222265;1737;23;71;80;1;3;2;2;2;64;13;68;92;62;39;58;23,1206235962479;4500000
210489;1836;23;74;80;1;3;3;3;2;67;15;37;77;72;66;66;22,343515592582;3500000
205257;1870;26;74;76;1;4;3;2;2;66;8;37;74;74;67;69;25,0593070266297;2000000
181436;1770;29;73;73;1;2;3;1;3;78;16;72;52;69;48;76;22,9440888781548;1000000
234832;1599;24;67;74;1;2;2;3;1;66;6;64;67;65;36;76;22,7515693100518;2500000
221841;1753;21;67;80;1;3;3;3;2;77;10;26;89;59;67;67;23,3234180638183;1900000
200408;1516;25;74;81;1;2;3;2;2;77;12;76;65;64;26;72;22,7903579254931;16900000
232831;1443;24;67;74;1;2;3;1;3;66;12;70;66;57;27;64;21,5029425079221;460000
215892;1710;25;73;78;1;2;3;2;3;79;12;72;66;61;40;76;24,515595463138;6000000
199103;1059;31;71;71;1;1;3;2;2;34;70;30;28;16;70;70;20,4032323015383;850000
199434;1954;29;80;80;2;4;2;2;1;64;11;37;70;81;67;63;23,1983150697476;11400000
219806;1586;27;73;74;1;2;4;3;2;52;12;24;75;56;68;81;22,5509409648581;725000
204259;1923;26;77;80;2;2;3;3;2;82;14;73;84;72;45;72;23,5102040816327;11000000
209323;1677;24;72;78;1;2;2;3;2;61;13;32;62;67;74;73;21,7858759619737;300000
206565;1814;25;71;75;1;3;3;3;2;64;12;41;86;69;65;62;22,8571428571429;340000
204080;1528;30;61;61;1;2;2;3;1;61;13;27;63;46;61;63;20,4528853177502;1000000
185431;1892;30;81;81;3;3;4;3;3;68;9;35;69;72;79;76;22,8774057021934;14500000
240190;1757;23;67;77;1;3;4;2;2;68;11;57;71;67;62;68;26,5432098765432;7500000
229753;1711;21;62;74;1;2;3;2;2;67;13;58;66;64;52;67;22,9176097781802;650000
162347;2192;32;82;82;3;3;4;3;2;79;13;70;73;84;75;72;21,1072664359862;5600000
233601;1840;21;74;85;1;4;4;3;3;51;12;43;77;76;62;65;22,3954134193317;6500000
194662;1526;27;67;70;1;2;2;3;1;43;12;20;58;53;67;69;24,396261067405;1500000
219581;1662;24;73;79;1;2;2;2;2;72;11;72;60;67;28;77;24,3072435585805;8000000
201455;2024;25;78;82;2;3;2;3;2;74;15;75;68;78;68;81;22,6346763241286;25000000
222273;1861;29;68;68;1;3;3;3;2;60;16;62;77;68;57;64;22,5308641975309;2550000
219409;1697;23;69;77;1;2;3;2;2;64;14;70;83;58;44;65;21,2244897959184;1500000
239953;1608;20;69;84;1;3;3;3;1;72;12;22;78;58;67;57;24,4192790207869;2300000
209547;1546;28;73;75;1;2;3;1;2;68;9;73;44;58;34;78;24,021275987303;3000000
211147;1920;22;71;80;1;4;3;2;2;56;8;55;88;67;69;68;23,6712536295922;6500000
231391;1742;21;72;83;1;3;3;2;1;53;9;31;77;72;65;48;22,8373702422145;15000000
211267;1875;25;74;79;1;4;3;3;2;55;7;41;88;67;64;59;21,4691504822301;5700000
205633;2061;29;78;78;2;3;3;3;2;66;6;65;78;80;67;68;24,6913580246914;6500000
189680;1965;28;72;72;2;3;4;3;2;74;12;70;81;71;56;66;21,9713358572201;2000000
192041;1654;27;74;77;1;2;3;1;2;65;7;74;66;65;41;77;24,6152105024898;7000000
238033;1002;31;70;70;1;1;2;2;2;61;73;28;25;23;67;72;22,4480151228733;1350000
211048;1819;25;73;77;1;2;2;2;2;73;8;36;91;63;70;60;21,6296487603306;3000000
178086;1273;31;81;81;2;1;2;2;2;71;80;55;55;34;83;81;24,1221457745128;1000000
208137;1747;24;71;82;1;3;3;2;2;35;13;67;65;78;51;73;21,8836565096953;3500000
200521;1761;26;74;77;1;4;3;2;2;55;9;26;81;67;69;53;20,8307031940412;11200000
172850;1755;31;71;71;1;2;3;1;2;84;7;69;64;68;45;74;21,7335354170837;250000
215568;1753;24;73;79;1;3;4;2;2;67;10;23;79;66;72;61;24,7554643159039;400000
208437;1920;28;70;70;1;3;4;2;3;76;10;45;65;68;71;82;25,5922099809619;1200000
199667;1847;27;77;81;2;2;3;2;2;78;9;76;66;67;49;78;22,5459590704128;9000000
231943;1764;21;74;85;1;3;5;3;3;60;12;25;84;68;70;74;21,3668691431885;39200000
204677;1788;26;69;73;1;2;4;1;2;60;13;65;56;76;58;63;22,3402970655718;402000
172316;2025;31;79;79;2;2;4;3;2;74;10;79;75;76;63;73;23,6202879121581;1500000
184823;1901;31;74;74;2;3;3;3;2;75;14;41;84;71;68;73;24,2122933884298;600000
189795;1944;30;76;76;2;4;4;2;2;74;14;44;76;70;76;81;24,3322770484382;500000
235036;1496;20;66;77;1;2;3;2;2;67;12;63;57;69;30;70;22,4981738495252;300000
200434;1927;27;72;74;1;2;3;3;3;70;15;67;87;65;58;72;23,4567901234568;2400000
220018;1839;24;72;77;1;3;3;2;2;66;13;33;76;68;73;72;24,1516725033209;2000000
193250;1849;30;71;71;1;2;3;2;2;71;6;68;80;66;47;73;22,2222222222222;300000
202849;1713;26;78;83;2;2;3;2;2;36;16;79;47;69;49;81;24,7468498270246;25000000
191123;1787;28;70;70;1;3;4;2;2;81;12;32;76;59;69;68;22,7903579254931;600000
224813;1935;24;73;78;1;3;4;3;2;70;11;49;78;72;70;70;24,8579545454545;3700000
216325;1179;22;68;79;1;1;3;2;2;64;67;49;48;32;66;66;20,0437317784257;11300000
233943;1850;20;69;83;1;3;3;2;2;69;12;65;77;71;56;73;23,355636914531;6500000
235458;1372;21;60;71;1;2;2;1;2;71;9;55;57;44;32;80;24,7292794668888;1100000
228579;1947;21;76;86;2;3;4;3;2;65;8;74;78;77;53;68;22,9926244438472;20000000
193345;1667;27;63;64;1;2;3;2;2;60;7;48;67;62;56;58;20,8611196607503;650000
225206;1784;24;69;73;1;3;4;3;2;78;14;62;82;66;47;69;23,1481481481481;1700000
223570;1957;21;67;77;1;2;5;3;2;79;9;60;76;66;67;65;21,3294375456538;2000000
207943;1662;25;65;68;1;3;3;2;2;82;9;61;60;71;49;65;21,5349083986143;3000000
220621;1692;23;68;76;1;4;4;3;2;54;16;32;76;67;68;49;22,6473769605192;1700000
223065;1755;28;70;70;1;3;3;2;2;74;7;64;84;68;47;65;24,6229609110496;640000
198617;1690;28;71;71;1;3;3;3;2;63;7;26;79;72;61;55;21,4346093466973;4000000
223104;1639;25;64;69;1;2;3;3;2;72;11;31;79;54;66;61;22,0931700542861;1350000
205157;1776;25;70;77;1;2;3;2;2;42;12;64;63;80;55;59;21,1388558594266;500000
192270;1815;28;73;73;1;3;2;3;1;69;12;35;77;68;72;71;21,8572778827977;3700000
183706;1759;28;69;69;1;4;2;2;1;60;12;27;68;68;69;75;26,1961873500821;5600000
199602;1895;26;79;83;2;3;3;3;2;70;12;30;66;70;81;75;23,0825420014609;4000000
216451;2178;27;82;83;2;2;4;3;3;76;14;72;84;87;71;74;23,0300453514739;30000000
198019;1769;27;68;68;1;3;4;2;2;76;12;37;67;60;67;76;25,1278305332359;300000
235172;1739;19;65;80;1;3;3;3;2;58;11;61;83;67;50;60;21,1388558594266;2250000
201956;1813;28;79;81;2;3;3;2;3;51;14;78;62;70;48;81;22,1261974177426;7000000
228815;1564;19;64;82;1;3;3;2;2;60;12;25;76;58;62;62;23,1481481481481;2850000
203485;1896;24;77;82;2;2;4;2;3;86;8;78;79;72;43;76;19,8053417836125;20000000
215755;1613;27;69;69;1;2;3;2;1;75;7;20;77;64;66;65;22,6421929718633;400000
215615;1865;27;72;74;1;2;3;3;2;63;10;64;70;75;64;69;21,4995968825584;700000
177666;1965;31;76;76;2;3;4;3;2;90;15;41;77;72;73;78;23,1240605850387;2250000
205855;1768;25;75;79;1;3;5;3;2;78;15;26;72;69;73;77;26,2649438473614;1800000
186444;1672;33;72;72;1;2;3;2;1;64;7;27;60;66;71;73;23,6669101533966;500000
212948;1202;22;66;78;1;1;2;2;2;72;75;53;50;41;59;63;25,4200146092038;750000
189242;2049;26;86;89;3;4;4;3;3;59;12;35;88;85;78;64;24,2809753428405;130000000
224508;1664;26;67;69;1;3;4;3;2;58;5;28;72;62;62;63;23,2459847844463;2000000
201038;1714;25;70;74;1;3;3;3;2;81;9;26;80;60;67;61;22,6421929718633;650000
209499;2114;24;83;88;3;3;2;2;2;77;13;83;73;82;65;83;22,0688094160254;45000000
153177;1951;31;77;77;2;4;4;2;1;69;7;33;79;72;79;65;24,5351239669421;2300000
215584;1777;30;67;67;1;2;3;3;2;75;7;62;75;63;58;70;22,1606648199446;38000
205556;1640;23;70;76;1;2;2;2;2;74;8;70;66;64;33;73;24,5932111298579;1000000
210859;1778;29;73;73;1;2;3;2;2;79;9;71;82;63;33;72;24,0569347455645;1600000
215417;1156;26;75;79;2;1;2;2;2;68;74;45;47;31;69;76;25,1952632905014;500000
211385;2027;24;73;80;1;4;3;3;2;81;10;66;85;70;62;75;24,092970521542;6500000
193336;1088;28;73;75;1;1;3;2;2;75;73;48;53;24;74;73;25,2278645833333;400000
199189;2021;24;81;85;2;3;5;2;2;63;9;55;77;84;73;77;21,2760001119789;16900000
230717;1558;22;61;69;1;2;3;2;2;69;12;30;74;58;57;59;21,4995968825584;2000000
203502;1909;25;70;76;1;3;3;3;2;72;8;55;85;68;67;61;23,5294117647059;11350000
170231;1663;33;75;75;2;2;3;2;2;79;12;77;62;68;37;69;23,3747260774288;1140000
173533;1170;29;68;69;1;1;3;2;2;78;71;60;62;46;69;65;23,8480304816206;4500000
225783;1402;20;57;70;1;3;2;2;2;67;6;19;89;43;51;64;21,4346093466973;2000000
202858;1930;26;75;77;1;4;4;3;1;52;12;45;92;62;71;65;22,7204383708109;2260000
215018;1988;28;73;73;1;4;3;3;1;69;9;59;81;71;69;70;24,9337204898371;1300000
169498;1857;30;70;70;1;3;3;3;2;93;10;44;76;62;68;80;23,0400201994698;1400000
225859;1629;22;67;78;1;2;2;2;3;70;9;65;70;64;37;75;22,7146814404432;6000000
232643;1619;22;66;74;1;2;3;2;2;65;14;64;68;62;34;68;24,2512783053324;600000
199151;1832;25;76;78;2;4;3;2;2;67;12;25;93;68;70;54;21,7079233920381;5000000
236944;1455;22;60;68;1;3;3;3;1;54;9;21;74;51;60;37;20,9839876033058;2000000
188536;1919;27;77;78;1;4;4;3;2;34;6;46;76;75;74;65;22,7244034844085;8000000
221671;1892;26;74;79;2;2;4;3;3;57;14;57;69;76;64;70;21,6049382716049;900000
205069;2069;25;79;83;2;3;3;3;2;73;8;76;84;79;60;66;23,1833910034602;5000000
238924;1596;28;62;62;1;3;4;3;3;84;7;25;74;46;60;80;23,0825420014609;250000
213105;1707;24;66;71;1;2;3;2;2;57;6;55;54;69;62;70;25,4364666435426;850000
169588;1706;30;79;79;2;2;4;2;2;80;12;80;65;72;32;74;21,7858759619737;4000000
231416;1581;20;67;80;1;3;4;2;1;69;9;19;83;63;59;38;22,0195029883611;5000000
200529;2006;29;78;78;2;3;4;2;2;71;12;45;74;77;77;76;22,8774057021934;12000000
203483;2108;25;82;85;2;2;3;3;3;74;12;67;73;83;80;79;21,8470085203333;13500000
225711;1573;22;68;78;1;2;3;2;2;76;12;69;67;59;32;67;23,1240605850387;28000000
194644;2040;27;77;80;2;2;4;3;2;78;6;75;83;69;61;71;23,8367346938776;7000000
188829;1853;28;78;79;3;2;3;2;2;83;6;77;68;75;44;74;22,7433837429112;3500000
225931;1875;21;68;77;1;3;3;3;1;74;15;47;75;70;65;69;22,0931700542861;4000000
215170;1500;32;65;65;1;2;3;3;2;69;7;29;47;53;65;67;23,4834766862834;400000
181318;1956;29;76;76;2;3;3;3;2;66;5;64;55;77;66;77;21,6788067984738;2200000
199909;966;30;66;68;1;1;4;2;2;44;66;29;32;22;68;67;24,4446806249336;500000
169426;1856;31;72;72;1;2;3;2;2;68;6;72;71;65;51;75;22,6940189315895;1000000
226468;1407;21;66;77;1;3;3;2;2;58;4;19;73;45;62;59;23,5457063711911;7500000
222844;1926;23;74;82;1;3;3;2;2;57;10;73;68;74;67;73;21,2200090538705;6000000
234875;1649;24;69;75;1;2;3;3;3;75;8;26;68;61;68;70;23,6294896030246;1100000
211204;1827;23;69;77;1;2;3;3;2;53;12;65;85;67;55;64;23,6712536295922;890000
237895;1678;22;67;75;1;3;3;2;2;42;12;30;79;65;63;63;22,343515592582;650000
205288;1151;28;66;70;1;1;3;2;2;73;69;48;49;32;63;61;23,0825420014609;5500000
233397;1471;20;61;76;1;3;2;2;2;74;11;21;87;55;58;60;23,1481481481481;500000
204538;1857;28;76;77;1;4;4;2;2;74;12;29;79;66;77;58;23,1084345786212;6360000
240385;1676;20;63;74;1;3;3;2;2;53;10;54;65;69;47;53;20,8116545265349;300000
235410;1575;21;69;79;1;3;4;2;2;72;13;30;73;59;68;51;21,1588541666667;6000000
186801;1983;28;77;79;2;2;3;3;2;78;15;77;71;68;65;88;23,2356317012402;10700000
213750;1806;24;70;76;1;3;3;2;2;45;7;43;81;67;63;73;22,0243225126879;2250000
227528;1592;27;63;65;1;3;2;2;2;56;8;37;82;58;61;60;24,3910588392529;2000000
239696;1478;20;61;71;1;4;3;2;2;67;13;31;81;56;45;43;21,9713358572201;1400000
228747;1729;22;69;76;1;4;2;3;2;65;15;25;79;63;70;63;23,291229956105;2000000
212192;1667;23;69;76;1;3;4;2;2;64;14;25;78;66;65;50;23,3886865581877;200000
183108;2070;31;79;79;2;4;2;3;2;56;11;57;83;78;75;72;25,6402429718263;8500000
178461;1834;30;68;68;1;2;3;3;3;67;12;62;73;68;50;77;22,1591086420524;350000
212878;1847;25;76;81;2;3;3;2;2;79;13;34;68;65;77;79;23,0954090072095;6850000
220940;1881;22;69;79;1;2;3;3;2;62;12;62;64;74;63;67;21,9135802469136;225000
236786;1600;21;65;77;1;3;3;2;2;66;12;29;76;63;62;56;21,5619092627599;11000000
231612;1734;22;65;75;1;3;3;3;2;69;7;38;76;64;62;58;20,2812330989724;2000000
234521;1556;21;62;78;1;2;3;2;2;61;5;57;59;60;48;78;26,3157894736842;500000
210881;1907;23;67;74;1;3;4;2;2;75;9;63;70;70;63;72;22,2040816326531;3100000
191180;2066;29;83;83;3;4;4;3;2;49;14;58;69;87;75;64;22,3054705596385;24700000
233550;1727;22;67;78;1;3;3;2;2;60;12;44;84;71;57;59;22,6757369614512;3000000
194319;1810;27;69;71;1;3;4;3;3;91;13;35;76;62;69;73;27,1604938271605;14000000
187924;1970;27;74;75;2;3;4;2;2;66;14;56;53;79;71;65;20,8116545265349;4000000
202017;1691;25;69;74;1;3;3;3;2;59;14;16;90;62;66;73;25,6895619253651;2500000
240095;1704;23;61;66;1;2;3;2;2;63;13;60;70;64;52;65;22,8571428571429;1300000
196935;1513;25;69;76;1;2;3;1;3;50;11;69;63;61;28;73;22,3957895915568;5000000
200440;1755;26;67;70;1;4;4;3;2;69;7;42;75;61;67;56;21,6049382716049;450000
235005;1764;23;67;75;1;2;3;2;2;57;8;64;85;57;46;70;22,2059897735573;500000
160766;1853;31;77;77;3;4;4;2;1;69;3;26;77;77;74;62;23,8087970452672;250000
201335;1801;27;73;76;1;3;3;2;2;82;10;29;70;69;72;77;22,8774057021934;6000000
197031;1619;24;68;74;1;3;3;2;2;71;6;31;62;59;65;64;22,591438130916;2000000
199952;1947;27;79;82;2;3;3;2;2;42;7;44;76;79;75;48;22,7583067819754;1000000
225193;1954;22;74;84;1;2;3;2;2;68;9;69;62;78;63;72;23,9912128569777;12000000
210372;1858;26;76;79;2;4;3;2;1;62;12;29;77;76;72;61;21,1327134404057;14000000
170159;1989;30;74;74;1;2;3;3;2;75;6;73;75;72;59;75;23,4834766862834;1000000
201223;2015;26;74;77;1;2;2;2;3;79;11;72;78;74;63;80;21,8470085203333;1000000
207566;1967;26;83;86;3;3;4;2;2;68;6;80;52;84;57;83;23,7353084160256;20000000
137809;1912;34;79;79;2;3;5;3;2;77;16;34;76;71;79;75;24,6229609110496;3000000
223010;1597;22;69;79;1;3;3;2;2;59;6;26;76;70;59;60;22,8571428571429;1000000
234035;1823;22;75;84;1;2;2;3;2;56;11;73;80;71;47;67;21,5510204081633;30000000
177723;1358;30;79;80;1;1;3;2;2;79;78;61;59;43;80;77;19,5763330898466;6000000
225402;2027;25;77;82;1;2;3;3;2;80;9;72;82;72;61;73;21,2962962962963;4500000
190024;1651;31;75;75;2;3;3;3;1;39;8;29;46;64;76;78;23,0577256944444;2550000
233139;1518;20;62;76;1;2;2;3;2;65;9;33;64;60;58;61;22,6757369614512;430000
147579;1220;34;74;74;2;1;2;2;2;69;71;56;58;29;73;77;22,4376731301939;200000
223593;1516;25;67;72;1;2;4;2;1;71;12;26;62;55;67;71;24,3072435585805;1200000
209840;1676;25;73;78;1;2;3;2;2;80;16;71;72;65;35;77;24,5434623813002;2000000
215162;1746;31;73;73;1;2;4;2;2;79;13;73;52;60;57;75;21,1068775526987;1600000
228638;1738;21;64;78;1;3;4;2;2;56;12;55;77;70;60;54;20,2270257215312;570000
210455;1892;24;77;83;2;2;3;3;2;79;7;77;74;66;42;76;22,8571428571429;7000000
205495;1742;25;72;78;1;3;3;2;1;74;6;31;78;63;69;74;23,5898354683627;1750000
182002;1787;29;80;82;2;2;2;3;2;63;10;80;42;71;50;81;24,2512783053324;450000
226162;1805;21;69;76;1;2;3;2;2;44;11;61;71;74;61;58;22,4913494809689;1500000
234226;1595;23;70;76;1;2;3;1;3;68;7;71;60;64;42;70;22,591438130916;3000000
229788;1850;27;68;71;1;2;3;2;2;58;10;63;58;70;64;70;24,6913580246914;1000000
221838;2008;26;76;79;2;3;3;2;2;63;10;50;75;78;74;68;25,2162533116282;2000000
237135;1692;27;65;65;1;3;3;2;2;66;9;38;72;68;56;57;22,343515592582;800000
216627;1694;26;67;71;1;2;3;2;1;48;10;49;73;56;63;74;21,827744904668;850000
217877;1800;22;78;84;1;4;3;2;2;63;12;27;85;77;70;51;22,662708672476;1600000
205752;1651;25;66;71;1;3;3;3;2;53;10;35;84;63;60;48;24,8163265306122;790000
236522;1276;19;53;71;1;2;2;2;2;62;14;17;68;48;51;43;22,2222222222222;350000
213095;1615;25;67;74;1;3;3;3;2;67;10;27;70;55;65;75;22,2825921064681;1290000
233520;1581;23;64;72;1;3;4;2;2;80;8;25;75;66;54;49;25,2092013584959;600000
232080;1785;21;70;84;1;3;2;2;2;61;11;37;88;64;64;65;22,8571428571429;4000000
228717;1900;26;77;82;1;3;4;3;3;78;7;39;79;76;74;61;22,4712087637714;10700000
223689;1659;26;73;76;1;2;2;3;3;77;11;31;44;63;71;80;21,6444639130099;10500000
206506;1937;27;71;73;1;3;3;2;2;67;6;69;66;71;61;70;22,7903289734443;1000000
184344;1995;31;88;88;3;2;3;1;3;85;2;87;62;79;54;81;23,5457063711911;35000000
207664;1872;32;82;82;3;3;2;2;1;77;12;24;76;72;79;70;23,5035560575074;7000000
213835;1742;23;64;74;1;2;4;3;2;68;16;60;73;62;56;73;22,0140137990282;1470000
211738;1073;25;68;74;1;1;5;2;2;54;70;32;28;27;65;63;22,6166995397765;800000
235297;1878;23;70;78;1;3;3;3;2;63;13;58;77;68;67;67;25,0573602221954;1640000
237631;1435;22;61;70;1;2;3;2;2;58;14;21;64;62;59;61;24,1516725033209;4000000
192373;1747;29;74;74;1;3;3;3;1;80;14;27;65;65;74;76;24,5932111298579;5980000
238619;1620;25;67;72;1;2;4;2;3;78;12;67;61;65;30;79;24,8356464572681;250000
239907;1571;22;66;77;1;2;3;2;2;62;7;20;76;58;64;64;23,9248582230624;6200000
223962;1581;20;62;82;1;2;3;2;3;70;13;60;65;61;43;72;22,3054705596385;840000
234889;1776;20;69;80;1;3;3;3;3;59;5;49;72;71;68;70;25,3814685419093;3000000
194794;2039;28;82;82;2;5;2;3;3;68;9;37;81;83;78;78;22,9916897506925;20000000
193601;1648;27;78;83;1;2;3;2;2;84;7;78;47;60;51;75;23,4131113423517;9000000
211990;1101;24;70;75;1;1;3;2;2;67;72;43;42;27;67;67;21,1068775526987;2430000
208790;1705;22;72;79;1;4;4;2;2;59;11;17;91;73;71;38;22,3081499107674;1200000
230079;1690;22;67;76;1;3;3;3;1;82;9;22;92;65;63;60;20,1955782312925;2100000
193470;1914;26;76;80;2;2;3;3;2;67;15;76;75;78;47;69;22,7833088854905;3000000
208159;1568;24;68;74;1;3;3;3;2;71;10;26;63;63;65;68;24,9153159206069;2640000
194717;1786;30;69;69;1;3;4;2;3;55;6;31;78;67;70;60;23,6202879121581;500000
234171;1487;21;64;77;1;3;3;2;2;63;7;35;76;71;46;45;21,2962962962963;4500000
212831;1194;25;80;84;1;1;2;2;2;52;75;39;44;27;76;78;24,9444916531893;62500000
205998;1944;25;72;76;1;3;3;3;3;64;14;72;75;70;58;77;24,0569347455645;1400000
225439;1833;21;69;82;1;2;2;2;3;58;13;64;54;74;50;73;22,6940189315895;20000000
209297;2123;25;80;85;1;3;4;3;3;84;7;71;80;85;70;63;22,4081789853296;59000000
234890;1437;25;65;72;1;3;3;2;2;73;10;18;53;58;62;55;23,9394809920521;1000000
204525;1961;27;82;86;2;2;2;2;2;89;12;82;70;74;56;79;23,8497765970293;32000000
221342;1842;21;72;85;1;2;3;2;2;58;10;69;89;68;52;60;22,0521901834341;9000000
224041;1200;23;69;76;1;1;3;2;2;65;72;46;49;39;66;61;24,0997229916898;700000
226045;1766;24;72;78;1;2;1;3;1;38;9;55;76;71;64;51;21,952479338843;5150000
198331;1802;26;70;74;1;3;4;3;2;81;10;29;83;66;69;62;21,9135802469136;12200000
232526;1563;20;63;75;1;2;4;2;2;64;10;62;56;61;34;66;22,0688094160254;3000000
166074;1862;28;74;74;1;3;4;2;1;65;15;28;76;70;73;78;22,9916897506925;750000
236454;1484;21;59;71;1;2;2;3;2;61;10;55;72;54;33;52;22,2040816326531;300000
208015;1817;28;70;71;1;2;3;2;3;71;16;71;68;63;57;78;23,1481481481481;600000
201377;1822;26;79;83;2;2;2;2;3;86;14;80;73;61;40;78;23,5478806907378;12000000
213414;1453;25;71;76;1;2;3;1;2;70;6;71;65;50;27;76;22,4774540171596;3300000
205201;2059;24;75;80;1;3;4;3;3;69;12;72;72;75;70;81;23,5739151887284;6000000
205529;1478;26;71;74;1;2;2;2;2;68;14;73;55;52;27;70;21,7858759619737;3000000
228352;1884;24;73;79;1;4;5;3;3;71;14;44;79;63;69;65;21,6721101309484;600000
214781;1836;30;73;73;1;4;3;2;3;61;8;38;77;69;72;68;28,0816326530612;3400000
205603;1696;26;66;69;1;3;4;3;3;59;8;43;76;55;64;72;21,9138056975895;750000
203590;1531;27;71;73;1;2;3;2;2;50;8;71;54;58;43;70;22,5509409648581;500000
173162;1771;31;73;73;1;3;3;2;2;84;13;22;74;65;71;71;22,5308641975309;2000000
227678;1578;20;62;81;1;2;3;2;2;70;14;61;74;61;38;65;22,9926244438472;2850000
233290;1666;21;68;83;1;3;3;2;1;49;15;29;77;65;64;62;23,6294896030246;1500000
221016;1922;26;75;78;1;2;3;2;3;87;12;74;65;74;51;78;22,4480151228733;8900000
221553;1662;28;71;72;1;2;4;3;2;67;10;27;68;55;71;68;23,6294896030246;2500000
200113;1764;27;71;72;1;3;4;2;3;79;15;33;90;63;60;61;23,5102040816327;3100000
213480;1858;28;70;71;1;2;3;3;3;80;11;61;75;67;42;72;22,7583067819754;700000
223952;1204;25;73;81;1;1;3;2;2;60;76;41;49;24;67;78;23,0577256944444;3000000
192490;1896;30;74;74;1;3;4;3;1;88;6;32;85;68;71;69;21,7365052529888;850000
225151;1788;23;71;79;1;2;3;2;2;61;8;62;70;75;54;63;22,2222222222222;20000000
190276;1689;29;71;72;1;2;2;2;2;81;14;70;65;66;35;71;22,3957895915568;800000
215086;1219;23;71;81;1;1;3;2;2;59;71;48;48;25;70;70;23,0825420014609;340000
189251;2119;28;81;82;2;3;3;2;2;65;13;74;74;84;67;67;22,8395061728395;16000000
182495;1910;31;77;77;2;2;3;2;3;91;2;79;74;65;51;75;24,0740740740741;600000
227537;1395;27;67;68;1;2;3;2;2;61;16;27;32;56;67;78;22,2766763198931;500000
208534;1538;24;73;84;1;2;3;2;3;78;14;73;53;62;43;75;24,6152105024898;16850000
191627;1876;25;72;77;1;3;5;2;2;53;7;61;56;72;62;65;21,6049382716049;1500000
193476;1929;28;76;76;2;4;4;2;2;38;12;45;83;75;71;55;24,2809753428405;5000000
211903;1747;26;63;65;1;2;3;2;2;68;10;53;65;66;63;72;23,1983150697476;900000
193900;1815;27;70;73;1;3;2;3;2;82;15;67;86;63;50;67;23,1836734693878;1700000
200094;1959;25;72;79;1;2;3;2;2;73;11;69;71;74;65;73;23,038752362949;3300000
193554;1797;28;75;76;1;3;3;3;2;80;12;31;72;62;72;72;23,3341209829868;10000000
188428;1997;30;79;79;3;4;4;2;1;83;12;39;90;73;77;73;22,1591086420524;3000000
227236;1920;22;73;80;1;2;2;2;3;66;11;69;73;70;56;84;23,038752362949;24850000
172879;1885;30;86;86;3;2;3;2;3;87;6;87;71;64;52;84;24,5693143716036;16000000
183714;1734;30;77;77;2;2;4;2;2;65;8;30;64;64;78;77;22,5151909722222;3000000
198032;1485;26;69;72;1;2;3;1;2;59;15;69;34;59;33;79;22,191613100704;3300000
204614;2028;27;77;78;2;2;3;3;2;92;13;72;88;73;49;69;23,1833910034602;5500000
199745;1793;26;73;75;1;2;4;2;2;84;14;71;63;66;50;78;24,485652005136;1140000
234457;1795;22;73;82;1;4;4;2;2;80;10;23;85;70;69;61;22,5981404958678;7200000
238196;1464;19;53;70;1;2;3;2;2;65;8;42;67;59;43;56;21,9135802469136;4000000
206042;1844;26;71;75;1;2;3;3;2;73;10;58;75;72;60;68;21,7775533392248;2000000
186197;1903;27;76;76;2;4;3;2;2;81;7;38;84;74;69;60;21,3839419960573;2500000
172522;2107;29;80;80;2;3;3;2;2;59;11;66;73;82;73;71;22,5878330942279;6000000
212231;1532;24;72;78;1;2;3;2;2;77;12;69;55;58;31;78;23,766410140335;2300000
234710;1746;21;65;72;1;2;2;2;1;67;11;43;81;64;60;68;21,2086230502832;1000000
197231;1775;25;76;81;2;3;4;2;2;76;12;28;73;64;76;73;22,2059897735573;9000000
193884;1924;27;72;73;1;3;4;3;3;70;6;63;68;76;67;70;20,9370755998189;6700000
202350;1794;28;68;69;1;3;2;2;2;66;9;35;56;65;69;73;22,6421929718633;5000000
186274;2046;28;73;73;2;3;4;2;2;74;12;68;79;74;67;74;24,1516725033209;1500000
226078;1726;23;71;77;1;3;5;3;2;65;8;21;82;70;67;64;24,0317093723667;2000000
215716;1697;23;75;80;1;2;4;2;2;81;15;24;52;64;75;81;25,7370814149675;20200000
210950;1983;30;77;77;1;3;3;3;2;92;13;39;87;74;72;62;23,5883292204964;2000000
233529;1805;26;67;70;1;2;3;3;3;63;11;60;66;72;61;63;22,7244034844085;3400000
221323;1432;20;65;80;1;2;3;2;2;84;8;64;63;48;30;74;22,2569083130998;2000000
223755;1576;23;62;71;1;3;4;2;2;70;7;17;78;60;63;53;24,0569347455645;500000
215985;1316;29;75;78;1;1;4;2;2;59;78;57;56;48;75;71;23,038752362949;1150000
204936;1741;25;71;76;1;2;3;2;2;80;15;69;69;63;49;75;20,3712086917157;4500000
239049;1598;21;66;76;1;2;3;2;3;56;12;65;56;74;40;63;22,2222222222222;2000000
230557;1517;21;62;72;1;3;3;3;2;45;12;28;77;56;63;44;22,1526465028355;2300000
237844;1799;22;67;78;1;2;4;2;2;59;15;59;78;74;57;57;22,0580511886839;500000
179844;1984;29;86;86;4;3;4;3;2;64;11;40;74;67;83;88;25,1474158862296;66000000
215212;1206;30;74;74;1;1;3;2;2;72;74;43;41;29;70;69;25,0828630296515;700000
190483;2016;27;82;82;3;5;3;2;1;61;13;32;96;78;77;64;22,4913494809689;40000000
226777;1589;23;73;81;1;2;5;3;1;63;12;27;67;62;73;74;24,3322770484382;1850000
200949;2049;26;82;85;3;4;3;2;2;71;9;45;95;77;74;62;24,3374797187669;28400000
236875;1445;18;56;69;1;2;3;3;2;56;11;52;55;51;38;55;18,9919649379109;4500000
225997;1887;24;73;79;1;3;4;3;2;72;15;36;85;68;70;74;21,8470085203333;4000000
236541;1262;20;55;68;1;2;2;2;2;69;14;53;57;46;23;62;23,4131113423517;1000000
210617;1896;23;80;85;2;4;2;2;3;63;13;37;86;79;67;48;20,2270257215312;25000000
178150;1612;29;65;65;1;2;3;3;2;61;13;31;88;56;62;67;22,5459590704128;800000
219733;1409;24;63;70;1;2;2;2;1;64;8;25;51;45;66;66;21,3452728029988;2000000
239593;1655;26;70;73;1;2;3;2;2;65;10;21;66;72;70;68;21,0372534696859;5000000
220477;1532;24;76;85;2;2;3;1;2;71;14;78;59;55;32;72;22,8774057021934;35000000
